"Result","z[[k]]"
"result.1","DAs Netzwerk besteht aus"
"result.1","9040"
"result.1","Knoten und aus"
"result.1","1402648"
"result.1","Kanten.
      Die 50 Subreddits,die zugelegt haben sind"
"result.1","c(\"announcements\", \"battlestations\", \"BigBrother\", \"blatantfuckingsexism\", \"GenderCriticalGuys\", \"punk\", \"ThriftStoreHauls\", \"bigboye\", \"detrans\", \"fuckeatingdisorders\", \"Radical_Feminists\", \"TrueUnpopularOpinion\", \"vegan\", \"WeightLossAdvice\", \"blunderyears\", \"HadToHurt\", \"IdiotsFightingThings\", \"mildlyinfuriating\", \"datingoverthirty\", \"GenderCriticalSociety\", \"GenX\", \"holdmyjuicebox\", \"NameNerdCirclejerk\", \"Periods\", \"pointlesslygendered\", \"reclassified\", \"tucker_carlson\", \"13or30\", \"answers\", \"firstimpression\", 
\"FlexiGirls\", \"HistoryPorn\", \"KamikazeByWords\", \"loveafterlockup\", \"MightyHarvest\", \"MushroomHate\", \"narcissism\", \"NarcissisticAbuse\", \"Naturewasmetal\", \"NoMansSkyTheGame\", \"OldPhotosInRealLife\", \"PCOS\", \"PeopleFuckingDying\", \"RadWomen\", \"rage\", \"self\", \"skyrim\", \"spiders\", \"StreetFights\", \"TellReddit\", \"texas\", \"thisismylifenow\", \"uncensoredLGBT\", \"vintage\", \"Weird\", \"AsOneAfterInfidelity\", \"badmakeup\", \"BeverlyHills90210\", \"BlatantMisogyny\", \"cheating_stories\", \"Codependency\", \"Degrassi\", \"Dreams\", 
\"femalehairadvice\", \"LifeAfterNarcissism\", \"Quebec\", \"truechildfree\", \"Witch\", \"youngpeopleyoutube\", \"gender_detox\", \"hiphopheads\", \"UKFrugal\", \"gatesopencomeonin\", \"TheDragonPrince\", \"NewPride\", \"creepyPMs\", \"CrewsCrew\", \"Epstein\", \"LGBDropTheTransphobes\", \"LPOTL\", \"myfavoritemurder\", \"perfectlycutscreams\", \"RightwingLGB\", \"SexWorkersOnly\", \"UrbanHell\", \"comedynecromancy\", \"egg_irl\", \"elderscrollsonline\", \"ParentsAreFuckingDumb\", \"PragerUrine\", \"reactiongifs\", \"sbubby\", \"theydidthemath\", \"TrueGayMen\", 
\"MGTOW2\", \"smashbros\", \"transpassing\", \"CrazyIdeas\", \"DeclineIntoCensorship\", \"tech\", \"trap\", \"endometriosis\", \"GenderDifficult\", \"ModSupport\", \"PoliticalMemes\", \"xboxone\", \"SluttyConfessions\", \"Ebay\", \"halo\", \"oklahoma\", \"honesttransgender\", \"febfems\", \"FierceFlow\", \"AskLesbians\", \"Jessicamshannon\", \"marriageadvice\", \"mystery\", \"TheGrittyPast\", \"thepowderroom\", \"crappyoffbrands\", \"demisexuality\", \"domesticviolence\", \"antifeminists\", \"FriendshipAdvice\", \"modnews\", \"okbuddyhetero\", \"askastronomy\", 
\"backpacking\", \"friendship\", \"vandwellers\", \"darkjokes\", \"foreverbox\", \"okbuddyjotard\", \"ancientrome\", \"INEEEEDIT\", \"SmashBrosUltimate\", \"Psychonaut\", \"electronicmusic\", \"comphet\", \"FloridaCoronavirus\", \"MilitaryStories\", \"MaskSkepticism\")"
"result.1","die 50 Subreddits, die abgenommen haben isnd"
"result.1","c(\"aww\", \"ConsumeProduct\", \"Cringetopia\", \"GenderCritical\", \"GenderCynicalCritical\", \"itsafetish\", \"memes\", \"news\", \"nottheonion\", \"pics\", \"PublicFreakout\", \"relationship_advice\", \"truelesbians\", \"WhitePeopleTwitter\", \"worldnews\", \"AskReddit\", \"changemyview\", \"Gender_Critical\", \"JoanneRowling\", \"TrueOffMyChest\", \"unpopularopinion\", \"AmItheAsshole\", \"Ask_Radical_Feminists\", \"Bad_Cop_No_Donut\", \"funny\", \"harrypotter\", \"LGBDropTheT\", \"menwritingwomen\", \"politics\", \"todayilearned\", \"TooAfraidToAsk\", 
\"TrollGC\", \"videos\", \"ActualPublicFreakouts\", \"GCdebatesQT\", \"gifs\", \"iamatotalpieceofshit\", \"interestingasfuck\", \"JusticeServed\", \"MadeMeSmile\", \"MurderedByWords\", \"nextfuckinglevel\", \"NoStupidQuestions\", \"offmychest\", \"PoliticalHumor\", \"trashy\", \"TrollXChromosomes\", \"TumblrInAction\", \"coolguides\", \"gaming\", \"Gc_woc\", \"PinkpillFeminism\", \"PornFreeRelationships\", \"Showerthoughts\", \"thisneverhappens\", \"BlackPillFeminism\", \"TwoXChromosomes\")"
"result.1","Die Cluster mit Anzahl der Knoten"
"result.1","list(communities = c(1, 2, 3, 4, 5, 6, 7, 8, 9, 10, 11), n = c(1285, 424, 129, 2891, 851, 183, 230, 1324, 4, 1631, 88))"
"",""
